id,name,url
2,1.FC Kaiserslautern,https://www.transfermarkt.com/1-fc-kaiserslautern/startseite/verein/2
3,1.FC Köln,https://www.transfermarkt.com/1-fc-koln/startseite/verein/3
4,1.FC Nuremberg,https://www.transfermarkt.com/1-fc-nurnberg/startseite/verein/4
5,AC Milan,https://www.transfermarkt.com/ac-mailand/startseite/verein/5
10,Arminia Bielefeld,https://www.transfermarkt.com/arminia-bielefeld/startseite/verein/10
11,Arsenal FC,https://www.transfermarkt.com/fc-arsenal/startseite/verein/11
12,AS Roma,https://www.transfermarkt.com/as-rom/startseite/verein/12
13,Atlético de Madrid,https://www.transfermarkt.com/atletico-madrid/startseite/verein/13
15,Bayer 04 Leverkusen,https://www.transfermarkt.com/bayer-04-leverkusen/startseite/verein/15
16,Borussia Dortmund,https://www.transfermarkt.com/borussia-dortmund/startseite/verein/16
18,Borussia Mönchengladbach,https://www.transfermarkt.com/borussia-monchengladbach/startseite/verein/18
22,Derby County,https://www.transfermarkt.com/derby-county/startseite/verein/22
23,Eintracht Braunschweig,https://www.transfermarkt.com/eintracht-braunschweig/startseite/verein/23
24,Eintracht Frankfurt,https://www.transfermarkt.com/eintracht-frankfurt/startseite/verein/24
27,Bayern Munich,https://www.transfermarkt.com/fc-bayern-munchen/startseite/verein/27
29,Everton FC,https://www.transfermarkt.com/fc-everton/startseite/verein/29
31,Liverpool FC,https://www.transfermarkt.com/fc-liverpool/startseite/verein/31
33,FC Schalke 04,https://www.transfermarkt.com/fc-schalke-04/startseite/verein/33
35,FC St. Pauli,https://www.transfermarkt.com/fc-st-pauli/startseite/verein/35
38,Fortuna Düsseldorf,https://www.transfermarkt.com/fortuna-dusseldorf/startseite/verein/38
39,1.FSV Mainz 05,https://www.transfermarkt.com/1-fsv-mainz-05/startseite/verein/39
41,Hamburger SV,https://www.transfermarkt.com/hamburger-sv/startseite/verein/41
42,Hannover 96,https://www.transfermarkt.com/hannover-96/startseite/verein/42
44,Hertha BSC,https://www.transfermarkt.com/hertha-bsc/startseite/verein/44
46,Inter Milan,https://www.transfermarkt.com/inter-mailand/startseite/verein/46
48,Karlsruher SC,https://www.transfermarkt.com/karlsruher-sc/startseite/verein/48
60,SC Freiburg,https://www.transfermarkt.com/sc-freiburg/startseite/verein/60
64,SV 07 Elversberg,https://www.transfermarkt.com/sv-07-elversberg/startseite/verein/64
65,SpVgg Greuther Fürth,https://www.transfermarkt.com/spvgg-greuther-furth/startseite/verein/65
79,VfB Stuttgart,https://www.transfermarkt.com/vfb-stuttgart/startseite/verein/79
80,VfL Bochum,https://www.transfermarkt.com/vfl-bochum/startseite/verein/80
82,VfL Wolfsburg,https://www.transfermarkt.com/vfl-wolfsburg/startseite/verein/82
86,SV Werder Bremen,https://www.transfermarkt.com/sv-werder-bremen/startseite/verein/86
89,1.FC Union Berlin,https://www.transfermarkt.com/1-fc-union-berlin/startseite/verein/89
91,Preußen Münster,https://www.transfermarkt.com/preussen-munster/startseite/verein/91
105,SV Darmstadt 98,https://www.transfermarkt.com/sv-darmstadt-98/startseite/verein/105
127,SC Paderborn 07,https://www.transfermarkt.com/sc-paderborn-07/startseite/verein/127
129,SG Dynamo Dresden,https://www.transfermarkt.com/sg-dynamo-dresden/startseite/verein/129
130,Parma Calcio 1913,https://www.transfermarkt.com/parma-calcio-1913/startseite/verein/130
131,FC Barcelona,https://www.transfermarkt.com/fc-barcelona/startseite/verein/131
142,Real Zaragoza,https://www.transfermarkt.com/real-saragossa/startseite/verein/142
148,Tottenham Hotspur,https://www.transfermarkt.com/tottenham-hotspur/startseite/verein/148
150,Real Betis Balompié,https://www.transfermarkt.com/real-betis-sevilla/startseite/verein/150
162,AS Monaco,https://www.transfermarkt.com/as-monaco/startseite/verein/162
164,Blackburn Rovers,https://www.transfermarkt.com/blackburn-rovers/startseite/verein/164
167,FC Augsburg,https://www.transfermarkt.com/fc-augsburg/startseite/verein/167
180,Southampton FC,https://www.transfermarkt.com/fc-southampton/startseite/verein/180
187,1.FC Magdeburg,https://www.transfermarkt.com/1-fc-magdeburg/startseite/verein/187
237,RCD Mallorca,https://www.transfermarkt.com/rcd-mallorca/startseite/verein/237
244,Olympique Marseille,https://www.transfermarkt.com/olympique-marseille/startseite/verein/244
252,Genoa CFC,https://www.transfermarkt.com/genua-cfc/startseite/verein/252
269,Holstein Kiel,https://www.transfermarkt.com/holstein-kiel/startseite/verein/269
273,Stade Rennais FC,https://www.transfermarkt.com/fc-stade-rennes/startseite/verein/273
276,Hellas Verona,https://www.transfermarkt.com/hellas-verona/startseite/verein/276
281,Manchester City,https://www.transfermarkt.com/manchester-city/startseite/verein/281
289,Sunderland AFC,https://www.transfermarkt.com/afc-sunderland/startseite/verein/289
290,AJ Auxerre,https://www.transfermarkt.com/aj-auxerre/startseite/verein/290
331,CA Osasuna,https://www.transfermarkt.com/ca-osasuna/startseite/verein/331
332,SSC Bari,https://www.transfermarkt.com/ssc-bari/startseite/verein/332
337,Birmingham City,https://www.transfermarkt.com/birmingham-city/startseite/verein/337
347,FC Metz,https://www.transfermarkt.com/fc-metz/startseite/verein/347
350,Sheffield United,https://www.transfermarkt.com/sheffield-united/startseite/verein/350
358,Charlton Athletic,https://www.transfermarkt.com/charlton-athletic/startseite/verein/358
366,Real Valladolid CF,https://www.transfermarkt.com/real-valladolid/startseite/verein/366
367,Rayo Vallecano,https://www.transfermarkt.com/rayo-vallecano/startseite/verein/367
368,Sevilla FC,https://www.transfermarkt.com/fc-sevilla/startseite/verein/368
379,West Ham United,https://www.transfermarkt.com/west-ham-united/startseite/verein/379
398,SS Lazio,https://www.transfermarkt.com/lazio-rom/startseite/verein/398
399,Leeds United,https://www.transfermarkt.com/leeds-united/startseite/verein/399
405,Aston Villa,https://www.transfermarkt.com/aston-villa/startseite/verein/405
410,Udinese Calcio,https://www.transfermarkt.com/udinese-calcio/startseite/verein/410
415,FC Toulouse,https://www.transfermarkt.com/fc-toulouse/startseite/verein/415
416,Torino FC,https://www.transfermarkt.com/fc-turin/startseite/verein/416
417,OGC Nice,https://www.transfermarkt.com/ogc-nizza/startseite/verein/417
418,Real Madrid,https://www.transfermarkt.com/real-madrid/startseite/verein/418
430,ACF Fiorentina,https://www.transfermarkt.com/ac-florenz/startseite/verein/430
458,Palermo FC,https://www.transfermarkt.com/palermo-fc/startseite/verein/458
466,Preston North End,https://www.transfermarkt.com/preston-north-end/startseite/verein/466
472,UD Las Palmas,https://www.transfermarkt.com/ud-las-palmas/startseite/verein/472
506,Juventus FC,https://www.transfermarkt.com/juventus-turin/startseite/verein/506
512,Stoke City,https://www.transfermarkt.com/stoke-city/startseite/verein/512
533,TSG 1899 Hoffenheim,https://www.transfermarkt.com/tsg-1899-hoffenheim/startseite/verein/533
543,Wolverhampton Wanderers,https://www.transfermarkt.com/wolverhampton-wanderers/startseite/verein/543
583,Paris Saint-Germain,https://www.transfermarkt.com/fc-paris-saint-germain/startseite/verein/583
595,SC Bastia,https://www.transfermarkt.com/sc-bastia/startseite/verein/595
607,Venezia FC,https://www.transfermarkt.com/venezia-fc/startseite/verein/607
618,AS Saint-Étienne,https://www.transfermarkt.com/as-saint-etienne/startseite/verein/618
621,Athletic Bilbao,https://www.transfermarkt.com/athletic-bilbao/startseite/verein/621
630,Racing Santander,https://www.transfermarkt.com/racing-santander/startseite/verein/630
631,Chelsea FC,https://www.transfermarkt.com/fc-chelsea/startseite/verein/631
641,Middlesbrough FC,https://www.transfermarkt.com/fc-middlesbrough/startseite/verein/641
667,RC Strasbourg Alsace,https://www.transfermarkt.com/rc-strassburg-alsace/startseite/verein/667
677,Ipswich Town,https://www.transfermarkt.com/ipswich-town/startseite/verein/677
681,Real Sociedad,https://www.transfermarkt.com/real-sociedad-san-sebastian/startseite/verein/681
698,Bristol City,https://www.transfermarkt.com/bristol-city/startseite/verein/698
703,Nottingham Forest,https://www.transfermarkt.com/nottingham-forest/startseite/verein/703
714,RCD Espanyol Barcelona,https://www.transfermarkt.com/espanyol-barcelona/startseite/verein/714
738,Le Havre AC,https://www.transfermarkt.com/ac-le-havre/startseite/verein/738
749,FC Empoli,https://www.transfermarkt.com/fc-empoli/startseite/verein/749
762,Newcastle United,https://www.transfermarkt.com/newcastle-united/startseite/verein/762
800,Atalanta BC,https://www.transfermarkt.com/atalanta-bergamo/startseite/verein/800
826,RC Lens,https://www.transfermarkt.com/rc-lens/startseite/verein/826
855,EA Guingamp,https://www.transfermarkt.com/ea-guingamp/startseite/verein/855
873,Crystal Palace,https://www.transfermarkt.com/crystal-palace/startseite/verein/873
897,Deportivo de La Coruña,https://www.transfermarkt.com/deportivo-la-coruna/startseite/verein/897
931,Fulham FC,https://www.transfermarkt.com/fc-fulham/startseite/verein/931
940,Celta de Vigo,https://www.transfermarkt.com/celta-vigo/startseite/verein/940
969,Montpellier HSC,https://www.transfermarkt.com/montpellier-hsc/startseite/verein/969
984,West Bromwich Albion,https://www.transfermarkt.com/west-bromwich-albion/startseite/verein/984
985,Manchester United,https://www.transfermarkt.com/manchester-united/startseite/verein/985
988,Oxford United,https://www.transfermarkt.com/oxford-united/startseite/verein/988
989,AFC Bournemouth,https://www.transfermarkt.com/afc-bournemouth/startseite/verein/989
990,Coventry City,https://www.transfermarkt.com/coventry-city/startseite/verein/990
993,Córdoba CF,https://www.transfermarkt.com/fc-cordoba/startseite/verein/993
995,FC Nantes,https://www.transfermarkt.com/fc-nantes/startseite/verein/995
1003,Leicester City,https://www.transfermarkt.com/leicester-city/startseite/verein/1003
1005,US Lecce,https://www.transfermarkt.com/us-lecce/startseite/verein/1005
1010,Watford FC,https://www.transfermarkt.com/fc-watford/startseite/verein/1010
1020,Portsmouth FC,https://www.transfermarkt.com/fc-portsmouth/startseite/verein/1020
1025,Bologna FC 1909,https://www.transfermarkt.com/fc-bologna/startseite/verein/1025
1028,Millwall FC,https://www.transfermarkt.com/fc-millwall/startseite/verein/1028
1035,Sheffield Wednesday,https://www.transfermarkt.com/sheffield-wednesday/startseite/verein/1035
1038,UC Sampdoria,https://www.transfermarkt.com/sampdoria-genua/startseite/verein/1038
1039,Queens Park Rangers,https://www.transfermarkt.com/queens-park-rangers/startseite/verein/1039
1041,Olympique Lyon,https://www.transfermarkt.com/olympique-lyon/startseite/verein/1041
1047,Como 1907,https://www.transfermarkt.com/como-1907/startseite/verein/1047
1049,Valencia CF,https://www.transfermarkt.com/fc-valencia/startseite/verein/1049
1050,Villarreal CF,https://www.transfermarkt.com/fc-villarreal/startseite/verein/1050
1080,Stade Lavallois,https://www.transfermarkt.com/stade-laval/startseite/verein/1080
1082,LOSC Lille,https://www.transfermarkt.com/losc-lille/startseite/verein/1082
1084,Málaga CF,https://www.transfermarkt.com/fc-malaga/startseite/verein/1084
1095,ESTAC Troyes,https://www.transfermarkt.com/es-troyes-ac/startseite/verein/1095
1108,Deportivo Alavés,https://www.transfermarkt.com/deportivo-alaves/startseite/verein/1108
1112,Wrexham AFC,https://www.transfermarkt.com/afc-wrexham/startseite/verein/1112
1123,Norwich City,https://www.transfermarkt.com/norwich-city/startseite/verein/1123
1132,Burnley FC,https://www.transfermarkt.com/fc-burnley/startseite/verein/1132
1148,Brentford FC,https://www.transfermarkt.com/fc-brentford/startseite/verein/1148
1154,Red Star FC,https://www.transfermarkt.com/red-star-fc/startseite/verein/1154
1158,FC Lorient,https://www.transfermarkt.com/fc-lorient/startseite/verein/1158
1159,AS Nancy-Lorraine,https://www.transfermarkt.com/as-nancy-lorraine/startseite/verein/1159
1164,Le Mans FC,https://www.transfermarkt.com/le-mans-fc/startseite/verein/1164
1237,Brighton & Hove Albion,https://www.transfermarkt.com/brighton-amp-hove-albion/startseite/verein/1237
1244,CD Leganés,https://www.transfermarkt.com/cd-leganes/startseite/verein/1244
1290,Grenoble Foot 38,https://www.transfermarkt.com/grenoble-foot-38/startseite/verein/1290
1385,Modena FC,https://www.transfermarkt.com/modena-fc-2018/startseite/verein/1385
1390,Cagliari Calcio,https://www.transfermarkt.com/cagliari-calcio/startseite/verein/1390
1416,Amiens SC,https://www.transfermarkt.com/amiens-sc/startseite/verein/1416
1420,Angers SCO,https://www.transfermarkt.com/sco-angers/startseite/verein/1420
1421,Stade Reims,https://www.transfermarkt.com/stade-reims/startseite/verein/1421
1429,Cesena FC,https://www.transfermarkt.com/cesena-fc/startseite/verein/1429
1531,Elche CF,https://www.transfermarkt.com/fc-elche/startseite/verein/1531
1532,Albacete Balompié,https://www.transfermarkt.com/albacete-balompie/startseite/verein/1532
1533,SD Eibar,https://www.transfermarkt.com/sd-eibar/startseite/verein/1533
1536,Burgos CF,https://www.transfermarkt.com/burgos-cf/startseite/verein/1536
2036,1.FC Heidenheim 1846,https://www.transfermarkt.com/1-fc-heidenheim-1846/startseite/verein/2036
2239,US Cremonese,https://www.transfermarkt.com/us-cremonese/startseite/verein/2239
2288,Swansea City,https://www.transfermarkt.com/swansea-city/startseite/verein/2288
2331,US Avellino 1912,https://www.transfermarkt.com/us-avellino-1912/startseite/verein/2331
2448,Sporting Gijón,https://www.transfermarkt.com/sporting-gijon/startseite/verein/2448
2497,Real Oviedo,https://www.transfermarkt.com/real-oviedo/startseite/verein/2497
2502,CD Castellón,https://www.transfermarkt.com/cd-castellon/startseite/verein/2502
2581,Mantova 1911,https://www.transfermarkt.com/mantova-1911/startseite/verein/2581
2687,Cádiz CF,https://www.transfermarkt.com/fc-cadiz/startseite/verein/2687
2919,AC Monza,https://www.transfermarkt.com/ac-monza/startseite/verein/2919
2921,Delfino Pescara 1936,https://www.transfermarkt.com/delfino-pescara-1936/startseite/verein/2921
3008,Hull City,https://www.transfermarkt.com/hull-city/startseite/verein/3008
3037,Calcio Padova,https://www.transfermarkt.com/calcio-padova/startseite/verein/3037
3166,Pau FC,https://www.transfermarkt.com/pau-fc/startseite/verein/3166
3302,UD Almería,https://www.transfermarkt.com/ud-almeria/startseite/verein/3302
3368,Levante UD,https://www.transfermarkt.com/ud-levante/startseite/verein/3368
3522,Spezia Calcio,https://www.transfermarkt.com/spezia-calcio/startseite/verein/3522
3524,Clermont Foot 63,https://www.transfermarkt.com/clermont-foot-63/startseite/verein/3524
3709,Getafe CF,https://www.transfermarkt.com/fc-getafe/startseite/verein/3709
3911,Stade Brestois 29,https://www.transfermarkt.com/stade-brest-29/startseite/verein/3911
4097,US Catanzaro,https://www.transfermarkt.com/us-catanzaro/startseite/verein/4097
4159,Carrarese Calcio 1908,https://www.transfermarkt.com/carrarese-calcio-1908/startseite/verein/4159
4172,Pisa Sporting Club,https://www.transfermarkt.com/ac-pisa-1909/startseite/verein/4172
4542,Cultural Leonesa,https://www.transfermarkt.com/cultural-leonesa/startseite/verein/4542
4554,FC Südtirol,https://www.transfermarkt.com/fc-sudtirol/startseite/verein/4554
5358,SD Huesca,https://www.transfermarkt.com/sd-huesca/startseite/verein/5358
5587,SS Juve Stabia,https://www.transfermarkt.com/ss-juve-stabia/startseite/verein/5587
5621,AC Reggiana 1919,https://www.transfermarkt.com/ac-reggiana-1919/startseite/verein/5621
6195,SSC Napoli,https://www.transfermarkt.com/ssc-neapel/startseite/verein/6195
6574,US Sassuolo,https://www.transfermarkt.com/us-sassuolo/startseite/verein/6574
7042,US Boulogne,https://www.transfermarkt.com/us-boulogne/startseite/verein/7042
8568,AD Ceuta FC,https://www.transfermarkt.com/ad-ceuta/startseite/verein/8568
8970,Frosinone Calcio,https://www.transfermarkt.com/frosinone-calcio/startseite/verein/8970
9202,USL Dunkerque,https://www.transfermarkt.com/usl-dunkerque/startseite/verein/9202
9899,Real Sociedad B,https://www.transfermarkt.com/real-sociedad-b/startseite/verein/9899
10004,Paris FC,https://www.transfermarkt.com/paris-fc/startseite/verein/10004
10718,FC Andorra,https://www.transfermarkt.com/fc-andorra/startseite/verein/10718
11273,Rodez AF,https://www.transfermarkt.com/rodez-af/startseite/verein/11273
12321,Girona FC,https://www.transfermarkt.com/fc-girona/startseite/verein/12321
13222,CD Mirandés,https://www.transfermarkt.com/cd-mirandes/startseite/verein/13222
16795,Granada CF,https://www.transfermarkt.com/fc-granada/startseite/verein/16795
20519,Virtus Entella,https://www.transfermarkt.com/virtus-entella/startseite/verein/20519
23826,RB Leipzig,https://www.transfermarkt.com/rasenballsport-leipzig/startseite/verein/23826
30204,FC Annecy,https://www.transfermarkt.com/fc-annecy/startseite/verein/30204
